date,title
2025-03-28,"Shiba Inu (SHIB): Bulls in Control Now? Bitcoin (BTC) in Great Spot, Ethereum (ETH): Major Bearish Signal, But There's Silver Lining "
2025-03-27,"Buying Bitcoin 'Not Viable Long-Term Business Model', Says Peter Schiff"
2025-03-27,US Government Moving Millions of Dollars Worth of Bitcoin
2025-03-27,GameStop Shares Getting Annihilated Following Bitcoin Pivot
2025-03-27,Peter Schiff Reacts to Bitcoin's Drop as Gold Sets Fresh Record High
2025-03-27,XRP vs. Bitcoin (BTC): 3 Big Scenarios From Bollinger Bands
2025-03-27,"Billionaire Cliff Asness: ""I'm Not a Bitcoin Fan'"
2025-03-27,Strategy's Saylor Joins Gihbli Trend With Bullish Bitcoin Post
2025-03-26,Breaking: GameStop Raising $1.3 Billion to Buy Bitcoin
2025-03-26,Bitcoin Whales With 10K BTC Holdings Increase — Supply Squeeze Incoming?
2025-03-26,Bitcoin Not in 'Overheated Zone' Yet: CryptoQuant
2025-03-26,'We Are All Satoshi': USDT Founder Reacts to News About Bitcoin Creator
2025-03-26,Bitcoin up 700% Since Michael Saylor's Strategy's First BTC Buy
2025-03-26,Strategy's Saylor Challenges GameStop to Go Big on Bitcoin 
2025-03-26,Bitcoin (BTC) Invalidates Death Cross: What's Next?
2025-03-26,"Mysterious $262,759,132 Bitcoin Transfer Stuns Major US Exchange"
2025-03-26,Legendary Angel Investor Mocks GameStop's Bitcoin Pivot
2025-03-26,"Bitcoin (BTC) Mini-Death Cross Originates, Key XRP Breakthrough Turns to be Fakeout? Dogecoin (DOGE) Only Top Asset Didn't Do It"
2025-03-25,Breaking: GameStop Adopts Bitcoin as Reserve Asset
2025-03-25,Fidelity's Timmer Says Bitcoin's Wallet Count Shows Little Growth 
2025-03-25,Bitcoin (BTC) Breakout? Bollinger Bands Hint at Big Upside
2025-03-25,"XRP Hits Bullish Reversal, Bitcoin Faces 'Great Reset' Risk, Mike McGlone Warns; Second Biggest SHIB Wallet Sees Mysterious Transfers: Crypto News Digest by U.Today"
2025-03-25,Bitcoin (BTC) Price Prediction for March 25
2025-03-25,Strategy Copycat Expands Its Bitcoin Holdings
2025-03-25,Key Bitcoin Demand Catalysts Uncovered by Peter Schiff: Details
2025-03-25,"Bitcoin (BTC) Poised for Golden Bull Run in April With 34% Surge, Price History Predicts"
2025-03-25,"Michael Saylor Stuns With Cryptic Bitcoin Tweet As BTC Eyes $88,000"
2025-03-25,BlackRock’s Bitcoin ETP Launches in Europe: Details
2025-03-25, Fidelity Exec Names Key Reason Behind Bitcoin Price Correction
2025-03-25,Bitcoin Price Plunges as Mt. Gox Makes Gargantuan Transfer
2025-03-25,"Shiba Inu (SHIB): Lift off Beginning? XRP Performs Top-Tier Breakthrough, Bitcoin (BTC): $90,000 Next "
2025-03-24,Bitcoin to $250K? Arthur Hayes Makes Bold BTC Price Prediction
2025-03-24,"Bitcoin (BTC) Market Alert Issued as Price Crosses $88,000: Details"
2025-03-24,Top Bitcoin Critic Reveals 'Only Scenario' Where Crypto Doesn't Crash
2025-03-24,Here’s Why Bitcoin Is Likely Never Dropping Below $45K
2025-03-24,1 Million Bitcoin Prediction Made by Max Keiser
2025-03-24,Bitcoin (BTC) Price Prediction for March 24
2025-03-24,"Bitcoin Faces ‘Great Reset’ Risk, Mike McGlone Warns"
2025-03-24,Two World-Leading Exchanges Stunned by Massive Bitcoin Outflows
2025-03-24,Breaking: Strategy Reaches Major Milestone with Most Recent Bitcoin Purchase
2025-03-24,Bitcoin to $200K? ‘Rich Dad Poor Dad Author’ Says Many People Will Make This Mistake
2025-03-24,"Bitcoin (BTC) Invalidates Crucial Price Setup, XRP Faces 50 and 100 Day Squeeze, Ethereum (ETH) Finally Bounces Back?"
2025-03-23,Peter Schiff Announces Update to His Strategic Bitcoin Reserve
2025-03-23,Bitcoin (BTC) Just Hit Bollinger Bands Bottom: When Bull Run?
2025-03-23, $250 Million Bitcoin Whale Wakes up After 8 Years of Hibernation
2025-03-22,Bitcoin (BTC) to $1 Million? Bitwise CIO Makes Epic Price Prediction
2025-03-22,Michael Saylor Explains Strategy's Bitcoin Bet: Key Takeaways
2025-03-22,"Bitcoin Index Shows Fear, Here's Why It Could Be Bullish"
2025-03-22,Bitcoin ETFs Record Nearly $1 Billion in Inflows: Details
2025-03-21,Bitcoin (BTC) Price Prediction for March 21
2025-03-14,Nebula Stride Announces Major Developments as NST Presale Gains Traction
2025-02-02,Ripple v. SEC: How Will New Developments Affect XRP Price?
2025-01-18,Stellar Lumen (XLM) Price Prediction 2025
2025-01-16,What is DeSci: Guide on Decentralized Science in Crypto
2025-01-15,Top 10 Crypto Media Outlets Enter 2025: Latest Similarweb Data Update
